
--Insert statements to populate tables
INSERT INTO US_STATE VALUES ('ALABAMA', '168265', '26',  '261');
INSERT INTO US_STATE VALUES ('ALASKA','20520','3', '494');
INSERT INTO US_STATE VALUES ('ARIZONA','204817','4', '326');
INSERT INTO US_STATE VALUES ('ARKANSAS','108801', '15', '228');
INSERT INTO US_STATE VALUES ('CALIFORNIA','376666', '5', '448');

INSERT INTO VICTIM VALUES ('VIC1', 'ROSE', 'ALEXANDER', 'FEMALE', NULL, 'ARIZONA');
INSERT INTO VICTIM VALUES ('VIC2', NULL, 'NORRIS', 'FEMALE', '35', 'ALABAMA');
INSERT INTO VICTIM VALUES ('VIC3', 'JAMIE', 'WILLINGER', 'MALE', '16', 'ARKANSAS');
INSERT INTO VICTIM VALUES ('VIC4', NULL, 'FITZGERALD', 'MALE', NULL, 'CALIFORNIA');
INSERT INTO VICTIM VALUES ('VIC5', 'JOHNATHAN', 'MILLS', 'MALE', '19', 'ALASKA');

INSERT INTO SHOOTER VALUES ('SH1', 'ROBERT BENJAMIN', 'SMITH', '18', 'MALE','WHITE','PISTOL',NULL, 'ARIZONA');
INSERT INTO SHOOTER VALUES ('SH2', 'SEDRICK', 'NORRIS', '36', 'MALE','BLACK','RIFLE',NULL, 'ALABAMA');
INSERT INTO SHOOTER VALUES ('SH3', 'MARIO', 'TONY', '20', 'MALE','BLACK','PISTOL','STUDENT', 'ARKANSAS');
INSERT INTO SHOOTER VALUES ('SH4', NULL, 'JONES', '23', 'MALE','WHITE','HANDGUN',NULL, 'CALIFORNIA');
INSERT INTO SHOOTER VALUES ('SH5', 'EVAN', 'RAMSEY', '16', 'MALE','WHITE','SHOTGUN','STUDENT', 'ALASKA');

INSERT INTO RECORD VALUES ('RCD1', 'SCHOOL', 'NOVEMBER', '2018', 'VIC1', 'SH1');
INSERT INTO RECORD VALUES ('RCD2', 'RESIDENTIAL', 'MAY', '2017', 'VIC2', 'SH2');
INSERT INTO RECORD VALUES ('RCD3', 'SCHOOL', 'OCTOBER', '2018', 'VIC3', 'SH3');
INSERT INTO RECORD VALUES ('RCD4', 'MASS', 'JANUARY', '2019', 'VIC4', 'SH4');
INSERT INTO RECORD VALUES ('RCD5', 'SCHOOL', 'MARCH', '2019', 'VIC5', 'SH5');

INSERT INTO USER_ACCOUNT VALUES ('JEREMY','HIGGINS', '32', 'MALE','JHIGGINS@GMAIL.COM','RCD1');
INSERT INTO USER_ACCOUNT VALUES ('ELAINE','MURPHY', '19', 'FEMALE','ELMURPHY20S@GMAIL.COM','RCD2');
INSERT INTO USER_ACCOUNT VALUES ('SELENA','GARCIA', '24', 'FEMALE','SELG123@GMAIL.COM','RCD3');
INSERT INTO USER_ACCOUNT VALUES ('MIHAIL','NOTAH', '28', 'MALE','MIHAILNOTAH99@GMAIL.COM','RCD4');
INSERT INTO USER_ACCOUNT VALUES ('YONAH','RAYWOOD', '45', 'MALE','YOHANRAYWOOD@GMAIL.COM','RCD5');
